method,arkit_mbe,arkit_lbe,arkit_fdd_absolute,arkit_fdd_signed
VOCA-core (shared audio/ARKit),0.7467034133213916,0.3323843829089089,0.1028162948199375,0.09514159003211192
FaceFormer (shared audio/ARKit),1.2968035426538507,0.5443342681445511,0.35048393904642317,-0.3316591069972488
EmoTalk-core (shared audio/ARKit),0.7450031603176643,0.33153140291244837,0.0945103171418462,0.06527645813545502
FaceDiffuser (frozen KineTalk conditions/ARKit),0.7927274499292052,0.32311045251627873,0.09973740220452842,0.07511609553134532
Phase41,0.8100135215400518,0.3724131703492307,0.11212124344814473,0.1105569777779146
Phase42,0.7842984905469917,0.3523713293536293,0.1122867225208502,0.11009392324380261
Phase43-a,0.8276213284492561,0.3880656258708699,0.11059493164007657,0.10670532782817155
Phase43-b,0.787835509417053,0.3586764101987289,0.11029788011778185,0.10747977727142105
Phase43-ab,0.8196619868488456,0.372710005285783,0.11089663297689711,0.10872438469532678
