method,emotion,F1_1,F1_2,F1_3,F1_4
VOCA-core (shared audio/ARKit),neutral,0.0,0.11612903225806452,0.0,0.037037037037037035
VOCA-core (shared audio/ARKit),angry,0.3333333333333333,0.23809523809523808,0.27906976744186046,0.20388349514563106
VOCA-core (shared audio/ARKit),contempt,0.5690515806988353,0.674373795761079,0.4963924963924964,0.6375227686703097
VOCA-core (shared audio/ARKit),disgust,0.7226107226107226,0.5772727272727273,0.652452025586354,0.6572104018912529
VOCA-core (shared audio/ARKit),fear,0.19138755980861244,0.2222222222222222,0.3458646616541353,0.1188118811881188
VOCA-core (shared audio/ARKit),happy,0.7818696883852692,0.7857142857142857,0.7885714285714286,0.7653631284916201
VOCA-core (shared audio/ARKit),sad,0.7313019390581718,0.6307692307692307,0.6176470588235294,0.7518427518427518
VOCA-core (shared audio/ARKit),surprise,0.6521739130434783,0.6310904872389791,0.5796344647519582,0.6361746361746362
FaceFormer (shared audio/ARKit),neutral,0.0,0.0,0.0,0.0
FaceFormer (shared audio/ARKit),angry,0.0,0.0,0.0,0.0
FaceFormer (shared audio/ARKit),contempt,0.2896790980052038,0.33494675701839305,0.34552845528455284,0.36182019977802443
FaceFormer (shared audio/ARKit),disgust,0.037914691943127965,0.3151515151515151,0.3208020050125313,0.2682926829268293
FaceFormer (shared audio/ARKit),fear,0.0,0.0,0.0,0.010638297872340425
FaceFormer (shared audio/ARKit),happy,0.5311004784688995,0.5581395348837209,0.545,0.5296803652968036
FaceFormer (shared audio/ARKit),sad,0.1320754716981132,0.2,0.29652996845425866,0.33796296296296297
FaceFormer (shared audio/ARKit),surprise,0.0,0.0,0.0,0.0
EmoTalk-core (shared audio/ARKit),neutral,0.09302325581395349,0.29473684210526313,0.49557522123893805,0.46017699115044247
EmoTalk-core (shared audio/ARKit),angry,0.6090225563909775,0.7572815533980582,0.8636363636363636,0.8595988538681948
EmoTalk-core (shared audio/ARKit),contempt,0.6653919694072657,0.8296296296296296,0.8475452196382429,0.8457446808510638
EmoTalk-core (shared audio/ARKit),disgust,0.7252124645892352,0.7308533916849015,0.7761904761904762,0.7960687960687961
EmoTalk-core (shared audio/ARKit),fear,0.6531531531531531,0.649164677804296,0.5911949685534591,0.5
EmoTalk-core (shared audio/ARKit),happy,0.8087431693989071,0.8835978835978836,0.8854961832061069,0.8730964467005076
EmoTalk-core (shared audio/ARKit),sad,0.7256235827664399,0.7947368421052632,0.7783783783783784,0.8232323232323232
EmoTalk-core (shared audio/ARKit),surprise,0.4549019607843137,0.5498281786941581,0.6771653543307087,0.6885245901639344
FaceDiffuser (frozen KineTalk conditions/ARKit),neutral,0.02439024390243903,0.02439024390243903,0.2222222222222222,0.19607843137254902
FaceDiffuser (frozen KineTalk conditions/ARKit),angry,0.0,0.0,0.5963636363636363,0.4827586206896552
FaceDiffuser (frozen KineTalk conditions/ARKit),contempt,0.2754203362690152,0.46855345911949686,0.7074468085106383,0.6595744680851063
FaceDiffuser (frozen KineTalk conditions/ARKit),disgust,0.17307692307692304,0.23636363636363636,0.7107061503416855,0.7043701799485861
FaceDiffuser (frozen KineTalk conditions/ARKit),fear,0.18918918918918917,0.3204868154158215,0.5448717948717948,0.4090909090909091
FaceDiffuser (frozen KineTalk conditions/ARKit),happy,0.14285714285714285,0.54421768707483,0.812933025404157,0.8037825059101656
FaceDiffuser (frozen KineTalk conditions/ARKit),sad,0.2923076923076923,0.5243328100470958,0.7417582417582418,0.7769423558897243
FaceDiffuser (frozen KineTalk conditions/ARKit),surprise,0.13861386138613863,0.0427807486631016,0.46792452830188686,0.5189873417721519
Phase41,neutral,0.4297520661157025,0.37174721189591076,0.4878048780487805,0.4206008583690987
Phase41,angry,0.2909090909090909,0.17647058823529413,0.401673640167364,0.2648401826484018
Phase41,contempt,0.7921760391198044,0.746606334841629,0.8120300751879699,0.7714285714285715
Phase41,disgust,0.8086124401913876,0.7616822429906542,0.7747747747747747,0.7403846153846154
Phase41,fear,0.33191489361702126,0.2719298245614035,0.4251968503937008,0.15458937198067632
Phase41,happy,0.9491525423728814,0.9159420289855073,0.9491525423728814,0.9252873563218391
Phase41,sad,0.8383838383838383,0.8088642659279779,0.8753180661577609,0.8261964735516373
Phase41,surprise,0.6478260869565218,0.6214442013129103,0.6636771300448431,0.6275303643724697
Phase42,neutral,0.39080459770114945,0.3424657534246575,0.4558139534883721,0.3951612903225806
Phase42,angry,0.29357798165137616,0.17647058823529413,0.37606837606837606,0.20388349514563106
Phase42,contempt,0.7905882352941176,0.7438752783964365,0.8009592326139089,0.7608200455580866
Phase42,disgust,0.7962529274004684,0.751131221719457,0.7619047619047619,0.735632183908046
Phase42,fear,0.19230769230769232,0.18269230769230768,0.25806451612903225,0.10101010101010101
Phase42,happy,0.9112426035502958,0.8948948948948949,0.9176470588235294,0.8975903614457831
Phase42,sad,0.8461538461538461,0.7875354107648725,0.8894601542416453,0.8190954773869347
Phase42,surprise,0.6295503211991434,0.6004415011037527,0.6391304347826087,0.6150627615062761
Phase43-a,neutral,0.43776824034334766,0.3875968992248062,0.48677248677248675,0.44954128440366975
Phase43-a,angry,0.6385964912280702,0.5890909090909091,0.7515923566878981,0.631578947368421
Phase43-a,contempt,0.7581395348837209,0.7252747252747253,0.7780320366132724,0.7366071428571429
Phase43-a,disgust,0.8238213399503722,0.7969543147208121,0.8333333333333334,0.8051948051948052
Phase43-a,fear,0.48507462686567165,0.32,0.5252525252525253,0.21495327102803738
Phase43-a,happy,0.927536231884058,0.8955223880597015,0.9159420289855073,0.8961424332344213
Phase43-a,sad,0.8254847645429363,0.7908309455587392,0.8571428571428571,0.8053333333333333
Phase43-a,surprise,0.6650366748166259,0.6591422121896162,0.6337662337662338,0.6440677966101694
Phase43-b,neutral,0.42424242424242425,0.3574468085106383,0.4745762711864407,0.4263959390862944
Phase43-b,angry,0.4315352697095436,0.3508771929824561,0.5019607843137255,0.34934497816593885
Phase43-b,contempt,0.765375854214123,0.7198275862068966,0.7589285714285714,0.7813953488372093
Phase43-b,disgust,0.8047619047619048,0.7630331753554502,0.7703016241299304,0.7470449172576832
Phase43-b,fear,0.29464285714285715,0.18779342723004694,0.4827586206896552,0.1650485436893204
Phase43-b,happy,0.9101449275362319,0.9037900874635568,0.9154518950437318,0.9075144508670521
Phase43-b,sad,0.8571428571428571,0.7745358090185677,0.8606965174129353,0.8205128205128205
Phase43-b,surprise,0.6211453744493393,0.5752212389380531,0.6426858513189448,0.6033755274261603
Phase43-ab,neutral,0.5291005291005291,0.46445497630331756,0.5348837209302325,0.5251396648044693
Phase43-ab,angry,0.631578947368421,0.5019607843137255,0.6711409395973155,0.6071428571428571
Phase43-ab,contempt,0.7008547008547008,0.6790890269151139,0.7155172413793104,0.6832298136645962
Phase43-ab,disgust,0.8121827411167513,0.7405660377358491,0.8203883495145631,0.7743589743589744
Phase43-ab,fear,0.47580645161290325,0.3508771929824561,0.5650557620817844,0.18269230769230768
Phase43-ab,happy,0.8509316770186336,0.8553846153846154,0.8509316770186336,0.8401253918495298
Phase43-ab,sad,0.7107843137254902,0.6989247311827957,0.7837150127226463,0.6882793017456359
Phase43-ab,surprise,0.6666666666666666,0.6284403669724771,0.6831683168316832,0.6286919831223629
Phase44-a_kl,neutral,0.32620320855614976,0.29901960784313725,0.36363636363636365,0.3287671232876712
Phase44-a_kl,angry,0.2616822429906542,0.14925373134328357,0.3436123348017621,0.22009569377990432
Phase44-a_kl,contempt,0.7735368956743003,0.769620253164557,0.7584541062801933,0.7247058823529412
Phase44-a_kl,disgust,0.7721179624664879,0.7225130890052356,0.7755102040816326,0.7029972752043597
Phase44-a_kl,fear,0.5886524822695035,0.3008849557522124,0.6555183946488294,0.25688073394495414
Phase44-a_kl,happy,0.8942598187311178,0.8703703703703703,0.8738461538461538,0.85625
Phase44-a_kl,sad,0.8872180451127819,0.8622448979591837,0.9137055837563451,0.8253164556962025
Phase44-a_kl,surprise,0.6956521739130435,0.6108374384236454,0.7138810198300283,0.6344827586206897
Phase44-a_mean,neutral,0.3333333333333333,0.30071599045346065,0.3715170278637771,0.3505747126436782
Phase44-a_mean,angry,0.423728813559322,0.3013698630136986,0.5369649805447471,0.39655172413793105
Phase44-a_mean,contempt,0.8186813186813187,0.7945205479452054,0.7817258883248731,0.7475247524752475
Phase44-a_mean,disgust,0.7988980716253443,0.7403314917127072,0.8087431693989071,0.7155425219941349
Phase44-a_mean,fear,0.6267605633802817,0.24545454545454545,0.6666666666666666,0.23255813953488372
Phase44-a_mean,happy,0.9053254437869822,0.8814589665653495,0.8855421686746988,0.8814589665653495
Phase44-a_mean,sad,0.8793969849246231,0.8436724565756824,0.8833746898263027,0.7817745803357314
Phase44-a_mean,surprise,0.7247956403269755,0.5947242206235012,0.7348066298342542,0.6339285714285714
Phase44-b_mean,neutral,0.3696369636963696,0.3125,0.4046692607003891,0.38434163701067614
Phase44-b_mean,angry,0.38961038961038963,0.26976744186046514,0.4435146443514644,0.3167420814479638
Phase44-b_mean,contempt,0.7938144329896907,0.760705289672544,0.7783251231527094,0.7692307692307693
Phase44-b_mean,disgust,0.7750677506775068,0.7428571428571429,0.7556675062972292,0.6920980926430518
Phase44-b_mean,fear,0.11,0.041666666666666664,0.2488479262672811,0.07179487179487179
Phase44-b_mean,happy,0.9181286549707602,0.9122807017543859,0.9271137026239067,0.9203539823008849
Phase44-b_mean,sad,0.8262910798122066,0.8188585607940446,0.8578313253012049,0.7837837837837838
Phase44-b_mean,surprise,0.6105263157894737,0.5803571428571429,0.6217391304347826,0.6033057851239669
