split,region,window_frames,clips,coverage_of_native_n,coverage_of_native_mean,coverage_of_native_median,centered_energy_ratio_n,centered_energy_ratio_mean,centered_energy_ratio_median,shift_coverage_of_native_n,shift_coverage_of_native_mean,shift_coverage_of_native_median,shift_error_n,shift_error_mean,shift_error_median,shift_error_ratio_n,shift_error_ratio_mean,shift_error_ratio_median,shift_displacement_error_n,shift_displacement_error_mean,shift_displacement_error_median,shift_displacement_error_ratio_n,shift_displacement_error_ratio_mean,shift_displacement_error_ratio_median,shift_local_std_error_ratio_n,shift_local_std_error_ratio_mean,shift_local_std_error_ratio_median,full_native_coverage_mean
train,mouth,1,2024,2024,1.0,1.0,2024,1.0,1.0,2024,0.6410721211067526,0.6481481481481481,2023,0.0006804149037800485,0.0005651650389426092,2023,0.14609264303100264,0.11137726706067108,2022,0.0005088608600664252,0.00036763436773887845,2022,0.4547431374037407,0.37796589181495005,0,,,0.5353096425327913
train,mouth,5,2024,2024,0.4109965072691769,0.41333333333333333,2013,0.7331801849436376,0.7430508478517979,2024,0.2640795247978534,0.2571428571428571,1958,0.00023161476674898385,0.00017455069198759677,1912,0.21601599051351172,0.07646174946221279,1891,5.856239395888529e-05,3.962217561280606e-05,1891,0.22273473506099611,0.14475528128338813,1958,0.11416368552226891,0.08564061025670157,0.23033131111148933
train,mouth,11,2024,2024,0.11139832945234134,0.08227236099919419,1388,0.46459745367446864,0.3677797894236755,2024,0.07267294025445131,0.034482758620689655,1216,6.81262439277607e-05,4.3422470768869835e-05,1089,0.9440377395793316,0.14160358951326205,1072,9.552089005476454e-06,6.51655615123098e-06,1072,0.18956722776589677,0.11236107675791907,1216,0.05381604206765063,0.031207126843151457,0.06663003862265164
train,brows,1,2024,2024,1.0,1.0,2024,1.0,1.0,2024,0.9721779755872108,0.9770114942528736,2024,8.279376778294876e-05,4.2251363957300495e-05,2024,0.055324652473004755,0.042743423735748895,2024,6.831076797403066e-05,3.225450212377524e-05,2024,0.32097179858093033,0.2819084211759437,0,,,0.9721079743935395
train,brows,5,2024,2024,0.9482214207929109,0.9545454545454546,2024,0.8334696748693222,0.8384683589158038,2024,0.9245693038535994,0.9318181818181818,2024,3.054397939222247e-05,1.583863442750157e-05,2024,0.02657603437660691,0.019557860402513973,2024,7.693322571896996e-06,3.8905982788147275e-06,2024,0.10560820360883794,0.08954864190996863,2024,0.058255121819403954,0.0527870458265387,0.9221163060170277
train,brows,11,2024,2024,0.8778767124253007,0.8876404494382022,2024,0.6074090731566791,0.6099452807119485,2024,0.8546652494861294,0.8663230240549828,2024,9.449736896316169e-06,4.6405230361758085e-06,2024,0.013189791041213436,0.009062882686409198,2024,1.3575704077186897e-06,7.013221728744859e-07,2024,0.06389693980395662,0.052426700716882164,2024,0.016055710408556304,0.013614333101232728,0.8539590619059904
train,eyes,1,2024,2024,1.0,1.0,2024,1.0,1.0,2024,0.9721779755872108,0.9770114942528736,2024,0.0003894991065152279,0.00015141047483694075,2024,0.07834777110434377,0.06223050487634739,2024,0.00030265119145774877,0.00010520138359149938,2024,0.40189603789000905,0.36736661342792026,0,,,0.9721079743935395
train,eyes,5,2024,2024,0.9482214207929109,0.9545454545454546,2024,0.8230344047100235,0.8336467146467688,2024,0.9245693038535994,0.9318181818181818,2024,0.00014895687692314906,6.84499222000468e-05,2024,0.039874431164838006,0.0343443093198605,2024,3.699298689954491e-05,1.3592747381245369e-05,2024,0.13519782748826323,0.12156083958621916,2024,0.0831512594449628,0.08081219910764419,0.9221163060170277
train,eyes,11,2024,2024,0.8778767124253007,0.8876404494382022,2024,0.5825808430003768,0.5906121630344947,2024,0.8546652494861294,0.8663230240549828,2024,4.624578053725596e-05,2.7560418425394563e-05,2024,0.021405116492391248,0.018701802690318563,2024,6.598231623265889e-06,2.684625374630619e-06,2024,0.08226682419586652,0.07001597355458444,2024,0.02551861469886405,0.023244199041289375,0.8539590619059904
speaker_dev,mouth,1,281,281,1.0,1.0,281,1.0,1.0,281,0.7048049489110149,0.7090909090909091,281,0.0005231820706767028,0.00042325578213284827,281,0.2268074117172286,0.17229960835290606,281,0.00030654343472355045,0.00023234743928478855,281,0.6031469933335081,0.5182862315183018,0,,,0.5797513723552099
speaker_dev,mouth,5,281,281,0.4992492537818535,0.5106382978723404,280,0.779185611736451,0.7904134009954562,281,0.3532416350426727,0.34615384615384615,276,0.00020280587886360903,0.0001620327757819511,272,0.22356578004293243,0.11226551513518383,271,4.665094676870699e-05,3.475966776256231e-05,271,0.3935060676692284,0.2513529879451901,276,0.20820950331087326,0.15548615556824374,0.3054445958139657
speaker_dev,mouth,11,281,281,0.1710604102698347,0.14754098360655737,230,0.5626405864954324,0.4391213893880467,281,0.11769659689622666,0.08571428571428572,205,6.707346016565272e-05,3.764403015721072e-05,177,1.2230357036054222,0.21379210230744783,177,8.945548151786023e-06,6.1851651766187275e-06,177,0.43271292224944535,0.22810512903399008,205,0.13067593101557556,0.08080756956065356,0.11230237844293618
speaker_dev,brows,1,281,281,1.0,1.0,281,1.0,1.0,281,0.9736642293263268,0.9761904761904762,281,2.2008777641892642e-05,1.949103825779646e-05,281,0.043557968767210006,0.03280040323631687,281,1.5215428430577557e-05,1.1683162134875651e-05,281,0.2615289522166493,0.21377484873223082,0,,,0.9761020176423602
speaker_dev,brows,5,281,281,0.9494320056789551,0.9523809523809523,281,0.8512462244237576,0.8633263816882553,281,0.9258772722432878,0.9285714285714286,281,9.597866121961965e-06,9.206308253421941e-06,281,0.023776779323852262,0.01776541922389723,281,2.06963964511114e-06,1.7860232960236315e-06,281,0.0937489060657368,0.07315327512214674,281,0.05955208688695115,0.05025233535285991,0.9269608964297377
speaker_dev,brows,11,281,281,0.879208889113812,0.8809523809523809,281,0.6321273131404735,0.6399076967920352,281,0.8560241481328288,0.8571428571428571,281,3.354603151351281e-06,3.032801715593008e-06,281,0.012133358135900415,0.009033230993631373,281,3.9205940532683544e-07,3.4202229690819027e-07,281,0.05385185242045036,0.041559351086980494,281,0.0183377129902361,0.014601190158636755,0.8585681355824402
speaker_dev,eyes,1,281,281,1.0,1.0,281,1.0,1.0,281,0.9736642293263268,0.9761904761904762,281,0.00019152152661239727,0.00011147843811629685,281,0.06232775258134028,0.050369328238572125,281,0.00013612101966434007,6.901012978743622e-05,281,0.3527335864252184,0.3489169363461922,0,,,0.9761020176423602
speaker_dev,eyes,5,281,281,0.9494320056789551,0.9523809523809523,281,0.8366709407180296,0.8449615014803173,281,0.9258772722432878,0.9285714285714286,281,8.056005436637662e-05,5.13252089547482e-05,281,0.033040164084900105,0.028599118844244202,281,1.9086869946034125e-05,1.0758463281109518e-05,281,0.12612587053158014,0.12485199347322201,281,0.0788659361135192,0.0847142400615145,0.9269608964297377
speaker_dev,eyes,11,281,281,0.879208889113812,0.8809523809523809,281,0.6137111266306001,0.6284201584654295,281,0.8560241481328288,0.8571428571428571,281,2.741174455724562e-05,1.9691839601802784e-05,281,0.016881251981382243,0.014439377698256749,281,3.4551008922384123e-06,2.0117017520636657e-06,281,0.07054017940265579,0.06235549207849746,281,0.023700939699522305,0.024162518393508928,0.8585681355824402
sentence_dev,mouth,1,278,278,1.0,1.0,278,1.0,1.0,278,0.630825517813535,0.6276789785681715,278,0.0007164775217555965,0.0005413509767043542,278,0.15401395280658658,0.12012817824563635,278,0.000571776248002213,0.0003996644284957752,278,0.48755653506861385,0.42350838855795403,0,,,0.5332339263726382
sentence_dev,mouth,5,278,278,0.39195406197327365,0.38034960819770947,277,0.7144681860231517,0.7257051445567781,278,0.2429936882304616,0.22792207792207791,270,0.00020779242501283647,0.00014747279396070746,260,0.2889187973695989,0.09078823484812384,256,5.559853092444086e-05,3.675030513831334e-05,256,0.23336707833019674,0.17210926707362828,270,0.12575640953691614,0.09221794570574238,0.2162066177255258
sentence_dev,mouth,11,278,278,0.09478690177365139,0.05128205128205128,160,0.4363276370354153,0.3115767222516506,278,0.057561068518606574,0.0,124,6.388105368927168e-05,4.357149022653113e-05,109,0.9426584448135523,0.13492954789098163,107,9.863928121971915e-06,6.317358722903413e-06,107,0.17094748889742395,0.1159026734378462,124,0.05376766420547121,0.031569996823627544,0.055715095102779943
sentence_dev,brows,1,278,278,1.0,1.0,278,1.0,1.0,278,0.9706719543650753,0.9743589743589743,278,7.597757301915831e-05,4.0326570707315167e-05,278,0.06082341392010183,0.04865101869808189,278,6.829434923837275e-05,2.8850496198278348e-05,278,0.3437979418263628,0.2877142301806327,0,,,0.9713143942538692
sentence_dev,brows,5,278,278,0.9439501223980135,0.9487179487179487,278,0.8222091705437917,0.8295920790492444,278,0.9174978626972523,0.9230769230769231,278,2.586416120648501e-05,1.5037108837254202e-05,278,0.027718832189148886,0.021316610233536263,278,6.692747260269556e-06,3.7693048457534927e-06,278,0.11272582689456251,0.09265962324570853,278,0.06023722667911271,0.0556621941206981,0.9171526990127905
sentence_dev,brows,11,278,278,0.8649979139750112,0.8734177215189873,278,0.5922401290533791,0.5909707558212893,278,0.8389445328207279,0.8481012658227848,278,8.084102211285367e-06,4.686769957091575e-06,278,0.01331010199384452,0.0101137702653162,278,1.318732198197903e-06,6.212369373755554e-07,278,0.07381994346608067,0.05840667977517412,278,0.017360770382512828,0.015440103765708693,0.8406279591586863
sentence_dev,eyes,1,278,278,1.0,1.0,278,1.0,1.0,278,0.9706719543650753,0.9743589743589743,278,0.00031677943433513426,0.00011361583767316223,278,0.05282185811239976,0.03526711541652977,278,0.00036078099908779687,7.09122726688645e-05,278,0.39225955885564734,0.2791657036579036,0,,,0.9713143942538692
sentence_dev,eyes,5,278,278,0.9439501223980135,0.9487179487179487,278,0.8657022198202248,0.8893753623618994,278,0.9174978626972523,0.9230769230769231,278,0.0001037535787363571,5.597063396722093e-05,278,0.02248056542117503,0.018473871599285457,278,2.9116843660713546e-05,1.0266604805920613e-05,278,0.11219945046471505,0.08952157477356551,278,0.07151770393085233,0.0642498809930218,0.9171526990127905
sentence_dev,eyes,11,278,278,0.8649979139750112,0.8734177215189873,278,0.667864527894881,0.6913941116599254,278,0.8389445328207279,0.8481012658227848,278,3.6227062270459884e-05,2.4803131354036548e-05,278,0.011195080627683315,0.00988153098881566,278,5.914809296556079e-06,2.134467214598547e-06,278,0.06219246261294355,0.04276876893671151,278,0.019652851091649926,0.017928419144629355,0.8406279591586863
