方法/输出策略,MBE,LBE,LVE/mm,EVE/mm,唇部平均距离/mm,表达平均距离/mm,系数FDD绝对值,顶点FDD绝对值/mm²
VOCA-core（适配）/raw,0.7535805843596651,0.33799280558442557,5.654591169476395,2.411298091487228,3.0468733611795873,0.7079404525771064,0.10265848023018434,146.20662638954195
FaceFormer（适配）/raw,1.3622688459698735,0.5901185077169446,8.457163517133347,3.9992020752245088,4.674576720996668,1.1812561135592867,0.44717062733583307,549.6259243306301
EmoTalk-core（适配）/raw,0.7480862354970386,0.334237580182828,5.6096766539178,2.4225717573786887,3.0130889893180703,0.6936426741566705,0.0945037302085045,154.37541448838638
FaceDiffuser（KineTalk 条件适配）/raw,0.7935448138427741,0.3235292783387099,5.894782290014138,2.585022496320454,3.094425650280264,0.7542258150722632,0.09973787106854201,137.73803535698983
KineTalk/raw,0.7642760893495766,0.36985496696661085,6.146366642790083,2.2400075878468693,3.275163964736883,0.6611821352955431,0.10817557205790908,143.20068914910237
VOCA-core（适配）/clip_all,0.7467034133213916,0.3323843829089089,5.616678254157934,2.4117466066713895,3.0144156749622115,0.7034972043498399,0.1028162948199375,144.23813388342342
FaceFormer（适配）/clip_all,1.2968035426538507,0.5443342681445511,8.284418898660505,3.788670202644383,4.537840964462277,1.1383042994031183,0.35048393904642317,415.80419402740273
EmoTalk-core（适配）/clip_all,0.7450031603176643,0.33153140291244837,5.5633384015344705,2.4167460018434785,2.9732323160339194,0.691868271030604,0.0945103171418462,152.4951190866715
FaceDiffuser（KineTalk 条件适配）/clip_all,0.7927274499292052,0.32311045251627873,5.863981732412788,2.5843761538606094,3.0716786202746267,0.75409571022842,0.09973740220452842,137.96249281212587
KineTalk/clip_all,0.763406548584323,0.3695461289066881,6.132447795005935,2.2375567598893835,3.262564981211941,0.6605210097640417,0.10817566350652016,143.87215110423094
