method,mouth_displacement_mse,jaw_centered_correlation,jaw_q90_q10,F1_1,F1_2,F1_3,F1_4
VOCA-core (shared audio/ARKit),0.0007957340368973822,0.5541585709287312,0.13645549146800853,0.49771609211730283,0.48445837741647835,0.46995398790272025,0.47598076255516975
FaceFormer (shared audio/ARKit),0.0008587795226743507,0.4339257738701679,0.15349742300275662,0.12384621751441807,0.17602972588170365,0.18848255359391786,0.1885493136046201
EmoTalk-core (shared audio/ARKit),0.001429207607792999,0.5657960649931649,0.1542936269978733,0.5918840140380307,0.6862286248774316,0.7393977706465842,0.7308053352544078
FaceDiffuser (frozen KineTalk conditions/ARKit),0.0009354142818484234,0.45237725219154923,0.13510933227289101,0.15448192362356752,0.27014067507330264,0.6005283009717829,0.568948101594856
Phase41,0.000815956328801188,0.46844694910427226,0.1251032988601463,0.636090874708281,0.5843358373439109,0.6737034946435094,0.5913572242571636
Phase42,0.000794126503771839,0.4641031832646528,0.10928471564146981,0.6063097756572612,0.5599383695289591,0.6373810610065294,0.5660319645354299
Phase43-a,0.0008173504011144221,0.4732120979725739,0.14261741133511677,0.6951822380643503,0.6455515492649138,0.7227292323192642,0.6479273767537501
Phase43-b,0.0008162354025253127,0.43937166739611505,0.111435197966191,0.6386239336499101,0.5790656657132083,0.6759200169404919,0.6000790657303099
Phase43-ab,0.0008132416725814603,0.47116812970574423,0.1269855663213053,0.672238253433012,0.6149622164737938,0.7031001275095211,0.6162075367975917
Phase44-a_kl,0.0007891961959595694,0.48363874355060593,0.10988854039215157,0.6499153537142548,0.573093042982703,0.6747705201101636,0.5686869903608404
Phase44-a_mean,0.0007928190129909913,0.4996948231477631,0.11190805924973221,0.6888650212022727,0.5877810102930188,0.7086676526417783,0.592489246139441
Phase44-b_mean,0.0007957515400277769,0.4687444783934806,0.09135518809824762,0.5991344484432997,0.554874118307799,0.6297135773911209,0.567706375416996
Phase45-g,0.0007886813060965916,0.47334023958651844,0.10299000388928352,0.6523177329429843,0.566177738147349,0.6695474145254495,0.5559179052804781
Phase45-u,0.0008243894693247948,0.49053073048207707,0.15311627002090936,0.7094476086199174,0.663190115351795,0.729680500050327,0.6688357657675053
Phase45-gu,0.0007949806571940312,0.49121961710039846,0.11246998428456327,0.6700075817292672,0.5834721103766742,0.6859141914382572,0.5821608194510041
Phase46-mixed,0.0008155244441431553,0.4903364189725324,0.13856338579057775,0.7028705760512131,0.6392810814713593,0.7296637865886636,0.6635064502457919
Phase46-deploy,0.0008204033721074269,0.4917850326142058,0.13585303350329267,0.705702647719697,0.6345309834398712,0.7319270095177101,0.6670146724045953
Phase47-latent,0.0008241065223641259,0.48996623021658803,0.15182114560797472,0.719824950831874,0.6643355151146032,0.7447212069019286,0.6773415293709177
Phase47-reference,0.0008231273752234991,0.4898297319876135,0.15190430376583325,0.5548514703484745,0.5264201554689014,0.6079307940487564,0.5646787926478158
