method,lve_mean_mm_mean,eve_mean_mm_mean,vertex_lve_sqrt_mean,eye_forehead_eve_sqrt_mean,vertex_fdd_absolute_mm2_mean
VOCA-core (shared audio/ARKit),3.0468733611795873,0.7079404525771064,5.654591169476395,2.411298091487228,146.20662638954195
FaceFormer (shared audio/ARKit),4.674576720996668,1.1812561135592867,8.457163517133347,3.9992020752245088,549.6259243306301
EmoTalk-core (shared audio/ARKit),3.0130889893180703,0.6936426741566705,5.6096766539178,2.4225717573786887,154.37541448838638
FaceDiffuser (frozen KineTalk conditions/ARKit),3.094425650280264,0.7542258150722632,5.894782290014138,2.585022496320454,137.73803535698983
Phase41,3.2111730435139365,0.7326870972512413,6.140758326804886,2.5740329605916887,148.16060595117392
Phase42,3.138343066499647,0.7084574664483998,6.022286876080334,2.4824031293348425,145.30628504458525
Phase43-a,3.3343809654924907,0.7361629150650595,6.317991423818755,2.52033723852912,144.7142510605097
Phase43-b,3.048113114702111,0.7182910360773284,5.824564930475117,2.5014100636625,144.5185428833138
Phase43-ab,3.2217999776775312,0.7509980382984777,6.180913258215491,2.6234523530127762,146.92671052457297
Phase44-a_kl,3.2970082153835842,0.7082301004189016,6.284227615050166,2.4166836163488057,164.48553442925143
Phase44-a_mean,3.2760335232207365,0.6931941466854719,6.231910066000322,2.346679951325429,169.2700187189264
Phase44-b_mean,3.054683007005296,0.7012092752724303,5.935780673528461,2.433593408820199,150.86740439853298
Phase45-g,3.243693088650292,0.6830833986358184,6.166233068892108,2.319876693814267,166.10326691883378
Phase45-u,3.3357830170191978,0.7347799296022013,6.313925055054286,2.5166533321209736,144.4166542342636
Phase45-gu,3.2390572576725694,0.6828250550909013,6.1534339714050565,2.3188068277218528,168.07281034553094
Phase46-mixed,3.2645362164329432,0.7624017119488221,6.144518696937882,2.590145710431295,149.68235526138247
Phase46-deploy,3.274595835914544,0.7674979123810259,6.144605600280132,2.6040040561049818,150.0153201387345
Phase47-latent,3.2971966483255195,0.7387273304336773,6.239772392092542,2.5188233851271713,145.16542697154873
Phase47-reference,3.5678301753097745,0.7809935381492804,6.67907953650619,2.6390290529298714,149.6004145258019
Phase51-temporal,3.469216744778101,0.7593232800669076,6.3361765116442195,2.5806323392653274,150.47388651755097
Phase51-statistics,3.4161068349185943,0.7018027351767111,6.37158680705295,2.3660512206652307,144.79072487818047
Phase52-style-only,3.087443721233237,0.6937723226880859,5.927636379375699,2.3562614620508624,139.6029682810688
