method,intervention,n,arkit_mbe,arkit_lbe,jaw_centered_correlation,jaw_q90_q10,brows/centered_correlation
Phase41,normal,96,0.8324701153385811,0.38653942965585175,0.4414694326890943,0.1249966790783219,0.026204840268898504
Phase41,static_u,96,0.8329977142256412,0.3868352479376147,0.4230423848348437,0.10943222399024914,0.024908864885219373
Phase41,reverse_u,96,0.8377177752674214,0.38926620119622796,0.39615130139281973,0.11613544618012384,0.0007772575154376682
Phase41,shuffle_u,96,0.8345300040613953,0.3878666741325845,0.40831028382914764,0.11355857686915745,0.021401833024962496
Phase41,wrong_reference,96,0.9085122930284513,0.4246593825300748,0.4142126520164311,0.11722857076286648,0.01780944019446906
Phase41,reference_A,96,0.8235722133707185,0.38270721621618975,0.42354401128250174,0.10875787715970849,0.03645894107648928
Phase41,reference_B,96,0.8568543074232767,0.39301837137538564,0.4421749095878719,0.1295227380663467,0.042205880466402355
Phase41,wrong_matched_audio,96,0.8609515567108733,0.3854981125039978,0.3964705108082853,0.11443344864528626,0.023186003442485042
Phase41,gt,96,0.0,0.0,0.9999999993791183,0.1993883191674589,1.0000000099341075
Phase41,gt_static,96,0.39530111995557843,0.25008318012006786,5.197353672689334e-09,0.0,-1.781161501412104e-07
Phase41,gt_reverse,96,0.5570772580595738,0.3354429655046925,-8.86900428061684e-06,0.1993883191674589,-0.13536057602323126
Phase41,gt_shift,96,0.4271030281366455,0.2657748289670116,0.0838484046398662,0.1993883191674589,0.40933547739890247
Phase41,gt_gain,96,0.35284342978238853,0.1440178971196124,1.0000000161429246,0.24923539960370059,1.000000015522043
Phase42,normal,96,0.8121957807135334,0.36740416657059427,0.45046447424101643,0.11207026130675028,0.030855715835059527
Phase42,static_u,96,0.8127356731212387,0.37041057573326297,0.4116010668803938,0.09244378288227988,0.03491913988788534
Phase42,reverse_u,96,0.8216908586980752,0.37625212659030033,0.374107325663014,0.10044534799817484,0.03540975166106364
Phase42,shuffle_u,96,0.8166804416464851,0.3740710710544622,0.39425576441378024,0.09823570649314206,0.027988036439637654
Phase42,wrong_reference,96,0.9224273650048063,0.4322703914164214,0.4245239364293714,0.10792841793833456,0.03427630960504757
Phase42,reference_A,96,0.8093353183191301,0.3688283133447727,0.4213114848244004,0.1003863403214685,0.024071877007372677
Phase42,reference_B,96,0.8274924972575309,0.3721452793373296,0.46356331564311404,0.11977451577937852,0.03480428033071803
Phase42,wrong_matched_audio,96,0.8366781847123225,0.36242931814629537,0.3642456337305096,0.09288877168243441,0.0061188194510274725
Phase42,gt,96,0.0,0.0,0.9999999993791183,0.1993883191674589,1.0000000099341075
Phase42,gt_static,96,0.39530111995557843,0.25008318012006786,5.197353672689334e-09,0.0,-1.781161501412104e-07
Phase42,gt_reverse,96,0.5570772580595738,0.3354429655046925,-8.86900428061684e-06,0.1993883191674589,-0.13536057602323126
Phase42,gt_shift,96,0.4271030281366455,0.2657748289670116,0.0838484046398662,0.1993883191674589,0.40933547739890247
Phase42,gt_gain,96,0.35284342978238853,0.1440178971196124,1.0000000161429246,0.24923539960370059,1.000000015522043
