method,group_type,group,n,arkit_mbe,arkit_lbe,lve_mean_mm_mean,eve_mean_mm_mean,jawOpen/centered_correlation,jawOpen/pred_q90_q10
Phase41,emotion,neutral,80,0.6081908014650435,0.40228742648523663,2.475471147429094,0.36992846515743477,0.49970149853324985,0.08386041886406019
Phase41,emotion,angry,185,0.8448735578045797,0.4259942856164983,3.8333675650621113,0.7098845415714082,0.46808476855323927,0.1477792590252451
Phase41,emotion,contempt,177,1.0039322736642031,0.3844972802190796,4.194853681445367,1.0628672716124496,0.46479246054781276,0.06714729217570381
Phase41,emotion,disgust,187,0.8190633331511479,0.38927116671821543,2.56022731157838,0.7730496583382745,0.40065903066692343,0.11009130248411454
Phase41,emotion,fear,187,0.8496785541646065,0.3937175630359727,3.6562795456454737,0.716905727127838,0.4638241514722931,0.19505948529523962
Phase41,emotion,happy,181,0.701873162709693,0.30379433967186326,3.250306597673452,0.5230283648192264,0.4962296671547942,0.08117432156526252
Phase41,emotion,sad,188,0.781086208993651,0.26583569043742805,2.044109800318644,0.9303096490293983,0.5203726904001087,0.12523995559821102
Phase41,emotion,surprise,182,0.7620748160787323,0.4321872009004026,3.1898794929151446,0.5732302116474401,0.4517633034796505,0.1636389078429112
Phase41,speaker,M025,606,0.8407634657666614,0.4249263037553884,3.6122881493160635,0.5984385517112217,0.48138765681791656,0.1248788900040213
Phase41,speaker,M037,371,0.8061399453571204,0.4132019339039904,3.385996919820539,0.7380480306016132,0.4495705135061212,0.12210740614180375
Phase41,speaker,M039,390,0.7659177024696471,0.25201422131603224,2.35920847143054,0.936145503693113,0.4662958945720815,0.128301934668651
Phase42,emotion,neutral,80,0.5946283416836059,0.4015567771789822,2.4826847839445416,0.3398709664801752,0.47974058266263453,0.06738966353004798
Phase42,emotion,angry,185,0.8293432312021838,0.4054502910773286,3.6612386955675795,0.7016454167293493,0.4587733735980323,0.13721847913756563
Phase42,emotion,contempt,177,1.0134688567033567,0.3767780820907061,4.305759850381126,1.0628263028400735,0.36775205960355195,0.047368412003405184
Phase42,emotion,disgust,187,0.7816344477714314,0.33693532628067846,2.5309040572968655,0.7524274797558169,0.4062063944311862,0.10307907418691538
Phase42,emotion,fear,187,0.7655269040527735,0.35813277222169665,3.286265430760041,0.6285514288509232,0.4889355096866422,0.1785773789898597
Phase42,emotion,happy,181,0.679442967209084,0.2922065967469481,3.0705939294299953,0.49871894509864984,0.5250989906592758,0.06567199996451317
Phase42,emotion,sad,188,0.7892517663068227,0.2704090388380569,2.278709692120268,0.9589404909640014,0.5336902415320436,0.108867683398359
Phase42,emotion,surprise,182,0.7201956149038357,0.40750007109909575,3.037944426823902,0.5231492748113781,0.45778240360943906,0.13850490339509733
Phase42,speaker,M025,606,0.7934171349394583,0.3833987912169525,3.403351355205209,0.5588317535204131,0.4625361979214425,0.09721460589054025
Phase42,speaker,M037,371,0.7935645809177575,0.41005981336836334,3.41839393017908,0.718581850440865,0.44846489514924603,0.11759244273554764
Phase42,speaker,M039,390,0.7613148545742003,0.24928140766480825,2.390512484246821,0.9330092080982677,0.48141446021029716,0.12013681758290683
