role,feature,control,cohort,region,target,clips,mse,zero_mse,energy_reduction,train_energy_normalized_mse,normalized_active_channels,normalized_clips
train,u,forward,all,all51,local_mean,2024,0.003294770317088285,0.0033523297039293604,0.017169965941478904,0.9872400078815733,47,2024
train,u,forward,all,all51,local_std,2024,0.0004507223873748959,0.0004671363334592506,0.03513737833836583,0.9765413472673689,46,2024
train,u,forward,all,mouth,local_mean,2013,0.003948831299599341,0.0040471312880659355,0.02428880643345044,0.982287676706069,27,2013
train,u,forward,all,mouth,local_std,2013,0.0005795479496632321,0.000607086553698554,0.0453619074043865,0.9685109159565447,27,2013
train,u,forward,all,brows,local_mean,2024,0.0018972865343648774,0.0019073115103265593,0.005256076895360118,0.9948627003221936,5,2024
train,u,forward,all,brows,local_std,2024,0.00010449550102512843,0.00010554577829015203,0.009950916863167403,0.9904591761568512,5,2024
train,u,forward,all,eyes,local_mean,2024,0.0037149980352360564,0.0037329250177145076,0.0048023955459536305,0.9936760782708672,14,2024
train,u,forward,all,eyes,local_std,2024,0.0004894193700407975,0.0004959479018274551,0.013163745148636385,0.9847906066568061,14,2024
train,hidden,forward,all,all51,local_mean,2024,0.0032281216764911175,0.0033523297039293604,0.03705125641211693,0.9686548111677992,47,2024
train,hidden,forward,all,all51,local_std,2024,0.0004399335204129023,0.0004671363334592506,0.058233134735860226,0.9572571468262916,46,2024
train,hidden,forward,all,mouth,local_mean,2013,0.003866417481161392,0.0040471312880659355,0.044652321370800885,0.9626339229546983,27,2013
train,hidden,forward,all,mouth,local_std,2013,0.0005623423520964628,0.000607086553698554,0.07370316691993262,0.9445519959412836,27,2013
train,hidden,forward,all,brows,local_mean,2024,0.0018755866199808846,0.0019073115103265593,0.016633303041432845,0.9836570435396572,5,2024
train,hidden,forward,all,brows,local_std,2024,0.00010352929335590653,0.00010554577829015203,0.0191053111447248,0.9814206726030548,5,2024
train,hidden,forward,all,eyes,local_mean,2024,0.0036391346135580195,0.0037329250177145076,0.025125177631859175,0.9740556336212708,14,2024
train,hidden,forward,all,eyes,local_std,2024,0.00048355449362950703,0.0004959479018274551,0.02498933487223398,0.9708295457273655,14,2024
train,audio,forward,all,all51,local_mean,2024,0.0028566187972437905,0.0033523297039293604,0.1478705707569673,0.8724961951121724,47,2024
train,audio,forward,all,all51,local_std,2024,0.00038796481837492195,0.0004671363334592506,0.1694826743577097,0.8671998611909241,46,2024
train,audio,forward,all,mouth,local_mean,2013,0.0033398829962057977,0.0040471312880659355,0.1747529895918255,0.8503265171943754,27,2013
train,audio,forward,all,mouth,local_std,2013,0.00047971797828676117,0.000607086553698554,0.20980299207061182,0.8262014054821009,27,2013
train,audio,forward,all,brows,local_mean,2024,0.001764761612858123,0.0019073115103265593,0.0747386552729552,0.9263492467323791,5,2024
train,audio,forward,all,brows,local_std,2024,9.938678319671085e-05,0.00010554577829015203,0.0583537796889394,0.943579223967239,5,2024
train,audio,forward,all,eyes,local_mean,2024,0.003339267887610144,0.0037329250177145076,0.10545540781994622,0.8960952026190719,14,2024
train,audio,forward,all,eyes,local_std,2024,0.00045425536089562424,0.0004959479018274551,0.08406637225039837,0.9160232948650123,14,2024
train,prosody,forward,all,all51,local_mean,2024,0.0033446393795443174,0.0033523297039293604,0.002294023877194684,0.998698246339772,47,2024
train,prosody,forward,all,all51,local_std,2024,0.00046512696979689644,0.0004671363334592506,0.004301450172959909,0.9977791952936934,46,2024
train,prosody,forward,all,mouth,local_mean,2013,0.004037694594923893,0.0040471312880659355,0.0023316992878065212,0.9982723364018796,27,2013
train,prosody,forward,all,mouth,local_std,2013,0.0006038381201020665,0.000607086553698554,0.00535085742996122,0.9963357867935189,27,2013
train,prosody,forward,all,brows,local_mean,2024,0.0019056117485368542,0.0019073115103265593,0.0008911820541648297,0.9991296309146597,5,2024
train,prosody,forward,all,brows,local_std,2024,0.00010550058010428377,0.00010554577829015203,0.0004282330056253336,0.9995829374486905,5,2024
train,prosody,forward,all,eyes,local_mean,2024,0.0037235221667249498,0.0037329250177145076,0.0025188962931044223,0.9974361496048074,14,2024
train,prosody,forward,all,eyes,local_std,2024,0.0004948848255540831,0.0004959479018274551,0.0021435240868139527,0.9977772810494097,14,2024
speaker_dev,u,forward,all,all51,local_mean,281,0.002227676989363161,0.00220832930912808,-0.008761229656785163,0.6140993888326363,47,281
speaker_dev,u,forward,all,all51,local_std,281,0.0002878078408185732,0.0002909035567410716,0.010641725928617118,0.5706394145774113,46,281
speaker_dev,u,forward,all,mouth,local_mean,280,0.002668488102165108,0.0026176300724800572,-0.019429036294981827,0.5874416727225604,27,280
speaker_dev,u,forward,all,mouth,local_std,280,0.0003321078645092923,0.0003381937345986641,0.01799521832240314,0.4997944309467081,27,280
speaker_dev,u,forward,all,brows,local_mean,281,0.0006512233506470175,0.0006709879057256007,0.029455903616042,0.3360481967601077,5,281
speaker_dev,u,forward,all,brows,local_std,281,4.055235941923901e-05,4.1257520319092494e-05,0.01709169369365038,0.3819242671754883,5,281
speaker_dev,u,forward,all,eyes,local_mean,281,0.0027518461220134315,0.0027719447174722263,0.007250720164838964,0.7697380213090347,14,281
speaker_dev,u,forward,all,eyes,local_std,281,0.00039559410285860876,0.00039493839091478574,-0.0016602891967636424,0.7770235253195179,14,281
speaker_dev,hidden,forward,all,all51,local_mean,281,0.0022855443761554285,0.00220832930912808,-0.034965377087638805,0.6351626158737538,47,281
speaker_dev,hidden,forward,all,all51,local_std,281,0.0002949501614929165,0.0002909035567410716,-0.013910468463081527,0.5824933696369642,46,281
speaker_dev,hidden,forward,all,mouth,local_mean,280,0.002740442300453528,0.0026176300724800572,-0.046917335365540325,0.6127980324948546,27,280
speaker_dev,hidden,forward,all,mouth,local_std,280,0.00034467734640230234,0.0003381937345986641,-0.019171294853621124,0.5168964714143426,27,280
speaker_dev,hidden,forward,all,brows,local_mean,281,0.0006740991262537702,0.0006709879057256007,-0.004636775866779574,0.34775272725935213,5,281
speaker_dev,hidden,forward,all,brows,local_std,281,4.0720955428206125e-05,4.1257520319092494e-05,0.01300526271905067,0.3833023065178408,5,281
speaker_dev,hidden,forward,all,eyes,local_mean,281,0.002815908054951512,0.0027719447174722263,-0.015860106156581733,0.7874521522473827,14,281
speaker_dev,hidden,forward,all,eyes,local_std,281,0.0003974019135848211,0.00039493839091478574,-0.0062377391682009176,0.7826659011418924,14,281
speaker_dev,audio,forward,all,all51,local_mean,281,0.002481948831118369,0.00220832930912808,-0.12390340555608659,0.7100387480641899,47,281
speaker_dev,audio,forward,all,all51,local_std,281,0.0003240886790135616,0.0002909035567410716,-0.1140760279601103,0.6344836083927586,46,281
speaker_dev,audio,forward,all,mouth,local_mean,280,0.002985648070169858,0.0026176300724800572,-0.14059205750991555,0.7047793586721234,27,280
speaker_dev,audio,forward,all,mouth,local_std,280,0.0003839518020578123,0.0003381937345986641,-0.13530134587930642,0.579254677128091,27,280
speaker_dev,audio,forward,all,brows,local_mean,281,0.000746501883144066,0.0006709879057256007,-0.1125414881163993,0.38613757064623394,5,281
speaker_dev,audio,forward,all,brows,local_std,281,4.335408498626092e-05,4.1257520319092494e-05,-0.050816545709806205,0.40859450791784147,5,281
speaker_dev,audio,forward,all,eyes,local_mean,281,0.003032586579172066,0.0027719447174722263,-0.09402852086369262,0.8461003844230383,14,281
speaker_dev,audio,forward,all,eyes,local_std,281,0.0004270642808419995,0.00039493839091478574,-0.08134405432908509,0.8244088528533331,14,281
speaker_dev,prosody,forward,all,all51,local_mean,281,0.002207877074688544,0.00220832930912808,0.0002047857797597974,0.6134519259724287,47,281
speaker_dev,prosody,forward,all,all51,local_std,281,0.000291006265840225,0.0002909035567410716,-0.0003530692450242068,0.5750489061646085,46,281
speaker_dev,prosody,forward,all,mouth,local_mean,280,0.0026157742028158626,0.0026176300724800572,0.0007089885174020871,0.5792236795773666,27,280
speaker_dev,prosody,forward,all,mouth,local_std,280,0.0003375268721769724,0.0003381937345986641,0.0019718355293691925,0.505042776391486,27,280
speaker_dev,prosody,forward,all,brows,local_mean,281,0.0006690733380457846,0.0006709879057256007,0.002853356466605339,0.34478984848161426,5,281
speaker_dev,prosody,forward,all,brows,local_std,281,4.109413874716289e-05,4.1257520319092494e-05,0.003960043421562531,0.38615143237271743,5,281
speaker_dev,prosody,forward,all,eyes,local_mean,281,0.002774543851397847,0.0027719447174722263,-0.0009376572011836615,0.7761298049399524,14,281
speaker_dev,prosody,forward,all,eyes,local_std,281,0.00039665061862859347,0.00039493839091478574,-0.004335429913110644,0.7799649909473878,14,281
sentence_dev,u,forward,all,all51,local_mean,278,0.0033838828542359155,0.003424738439820294,0.011929549161868946,0.9909127319928779,47,278
sentence_dev,u,forward,all,all51,local_std,278,0.00040154043593696966,0.00041696065151367885,0.03698242393072271,0.9224310562776483,46,278
sentence_dev,u,forward,all,mouth,local_mean,277,0.003709385575175217,0.0037848773795297335,0.019945640712909052,0.9013411470973662,27,277
sentence_dev,u,forward,all,mouth,local_std,277,0.0005286828221017178,0.0005587597253026729,0.05382797263110328,0.9307412763633957,27,277
sentence_dev,u,forward,all,brows,local_mean,278,0.0015994041381802205,0.001611057086382179,0.007233106946027856,0.8640303871676998,5,278
sentence_dev,u,forward,all,brows,local_std,278,8.402631716613614e-05,8.424437826138551e-05,0.002588434976311338,0.8443881969848472,5,278
sentence_dev,u,forward,all,eyes,local_mean,278,0.004617596653601453,0.004617324591648836,-5.892198982704322e-05,1.1982375887592553,14,278
sentence_dev,u,forward,all,eyes,local_std,278,0.00041617659004214826,0.0004144791866693773,-0.004095268055341217,0.9377709178242506,14,278
sentence_dev,hidden,forward,all,all51,local_mean,278,0.003457240697790057,0.003424738439820294,-0.009490435121074059,1.0118808478117018,47,278
sentence_dev,hidden,forward,all,all51,local_std,278,0.0004085104918857422,0.00041696065151367885,0.020266084095130532,0.940922208701526,46,278
sentence_dev,hidden,forward,all,mouth,local_mean,277,0.003790986430168347,0.0037848773795297335,-0.0016140683108134546,0.9238912769349348,27,277
sentence_dev,hidden,forward,all,mouth,local_std,277,0.0005387619061404069,0.0005587597253026729,0.03578965744432183,0.9549691663168888,27,277
sentence_dev,hidden,forward,all,brows,local_mean,278,0.0016375170637004694,0.001611057086382179,-0.016423984936318803,0.8833080644824034,5,278
sentence_dev,hidden,forward,all,brows,local_std,278,8.40915294631376e-05,8.424437826138551e-05,0.0018143501252233518,0.8446705064545372,5,278
sentence_dev,hidden,forward,all,eyes,local_mean,278,0.0047138752889534135,0.004617324591648836,-0.020910528464731515,1.2185613872269057,14,278
sentence_dev,hidden,forward,all,eyes,local_std,278,0.0004221833614991113,0.0004144791866693773,-0.018587603618030357,0.9519010362192308,14,278
sentence_dev,audio,forward,all,all51,local_mean,278,0.0036617455061799076,0.003424738439820294,-0.06920442846200259,1.0923935163480194,47,278
sentence_dev,audio,forward,all,all51,local_std,278,0.0004364471542880786,0.00041696065151367885,-0.046734632401543186,1.0028202397961579,46,278
sentence_dev,audio,forward,all,mouth,local_mean,277,0.004077414926072903,0.0037848773795297335,-0.07729115561982014,1.0294710601480415,27,277
sentence_dev,audio,forward,all,mouth,local_std,277,0.0005789184641548452,0.0005587597253026729,-0.03607765187666767,1.0340607709911043,27,277
sentence_dev,audio,forward,all,brows,local_mean,278,0.0017631764851676176,0.001611057086382179,-0.094422103394884,0.9493226928247157,5,278
sentence_dev,audio,forward,all,brows,local_std,278,8.670523228693166e-05,8.424437826138551e-05,-0.029210899009911806,0.8692560488016406,5,278
sentence_dev,audio,forward,all,eyes,local_mean,278,0.004864044762910987,0.004617324591648836,-0.053433577467866034,1.2602034332748906,14,278
sentence_dev,audio,forward,all,eyes,local_std,278,0.0004457559484430118,0.0004144791866693773,-0.07546039169050811,0.9942603863494462,14,278
sentence_dev,prosody,forward,all,all51,local_mean,278,0.0034234140819881026,0.003424738439820294,0.0003867033513546003,1.0016960942856372,47,278
sentence_dev,prosody,forward,all,all51,local_std,278,0.00041475746390513363,0.00041696065151367885,0.005283922117223949,0.9357148101882806,46,278
sentence_dev,prosody,forward,all,mouth,local_mean,277,0.003781007830365564,0.0037848773795297335,0.0010223710773558103,0.9162977133219229,27,277
sentence_dev,prosody,forward,all,mouth,local_std,277,0.0005544592924306837,0.0005587597253026729,0.007696390196447522,0.9515174928479349,27,277
sentence_dev,prosody,forward,all,brows,local_mean,278,0.0016114355689009138,0.001611057086382179,-0.00023492806178881942,0.8713945760780333,5,278
sentence_dev,prosody,forward,all,brows,local_std,278,8.425849101757911e-05,8.424437826138551e-05,-0.0001675216374654731,0.8473924496596865,5,278
sentence_dev,prosody,forward,all,eyes,local_mean,278,0.0046200043259421175,0.004617324591648836,-0.0005803651530431608,1.1973093730814623,14,278
sentence_dev,prosody,forward,all,eyes,local_std,278,0.00041470966307092643,0.0004144791866693773,-0.0005560626660199297,0.9403981866309211,14,278
